{
  "Total" : {
    "transaction" : "Total",
    "sampleCount" : 2410,
    "errorCount" : 0,
    "errorPct" : 0.0,
    "meanResTime" : 1239.1165975103706,
    "medianResTime" : 1085.0,
    "minResTime" : 365.0,
    "maxResTime" : 3276.0,
    "pct1ResTime" : 1998.8000000000002,
    "pct2ResTime" : 2172.699999999999,
    "pct3ResTime" : 2542.239999999998,
    "throughput" : 39.97744011678058,
    "receivedKBytesPerSec" : 833.0845650898249,
    "sentKBytesPerSec" : 4.606775325957137
  },
  "HTTP Request" : {
    "transaction" : "HTTP Request",
    "sampleCount" : 2410,
    "errorCount" : 0,
    "errorPct" : 0.0,
    "meanResTime" : 1239.1165975103706,
    "medianResTime" : 1085.0,
    "minResTime" : 365.0,
    "maxResTime" : 3276.0,
    "pct1ResTime" : 1998.8000000000002,
    "pct2ResTime" : 2172.699999999999,
    "pct3ResTime" : 2542.239999999998,
    "throughput" : 39.97744011678058,
    "receivedKBytesPerSec" : 833.0845650898249,
    "sentKBytesPerSec" : 4.606775325957137
  }
}