{
  "Total" : {
    "transaction" : "Total",
    "sampleCount" : 1366,
    "errorCount" : 7,
    "errorPct" : 0.5124451,
    "meanResTime" : 2187.863103953146,
    "medianResTime" : 667.0,
    "minResTime" : 328.0,
    "maxResTime" : 42235.0,
    "pct1ResTime" : 955.3999999999996,
    "pct2ResTime" : 1329.2999999999997,
    "pct3ResTime" : 42005.189999999995,
    "throughput" : 22.647014937745578,
    "receivedKBytesPerSec" : 466.1825749788617,
    "sentKBytesPerSec" : 2.5963412574398594
  },
  "HTTP Request" : {
    "transaction" : "HTTP Request",
    "sampleCount" : 1366,
    "errorCount" : 7,
    "errorPct" : 0.5124451,
    "meanResTime" : 2187.863103953146,
    "medianResTime" : 667.0,
    "minResTime" : 328.0,
    "maxResTime" : 42235.0,
    "pct1ResTime" : 955.3999999999996,
    "pct2ResTime" : 1329.2999999999997,
    "pct3ResTime" : 42005.189999999995,
    "throughput" : 22.647014937745578,
    "receivedKBytesPerSec" : 466.1825749788617,
    "sentKBytesPerSec" : 2.5963412574398594
  }
}