{
  "Total" : {
    "transaction" : "Total",
    "sampleCount" : 1858,
    "errorCount" : 0,
    "errorPct" : 0.0,
    "meanResTime" : 1621.8783638320788,
    "medianResTime" : 1610.5,
    "minResTime" : 541.0,
    "maxResTime" : 3272.0,
    "pct1ResTime" : 2120.1000000000004,
    "pct2ResTime" : 2297.05,
    "pct3ResTime" : 2589.430000000002,
    "throughput" : 30.49050658877201,
    "receivedKBytesPerSec" : 635.3876172830136,
    "sentKBytesPerSec" : 3.513554470190525
  },
  "HTTP Request" : {
    "transaction" : "HTTP Request",
    "sampleCount" : 1858,
    "errorCount" : 0,
    "errorPct" : 0.0,
    "meanResTime" : 1621.8783638320788,
    "medianResTime" : 1610.5,
    "minResTime" : 541.0,
    "maxResTime" : 3272.0,
    "pct1ResTime" : 2120.1000000000004,
    "pct2ResTime" : 2297.05,
    "pct3ResTime" : 2589.430000000002,
    "throughput" : 30.49050658877201,
    "receivedKBytesPerSec" : 635.3876172830136,
    "sentKBytesPerSec" : 3.513554470190525
  }
}