{
  "Total" : {
    "transaction" : "Total",
    "sampleCount" : 5668,
    "errorCount" : 0,
    "errorPct" : 0.0,
    "meanResTime" : 526.9043754410712,
    "medianResTime" : 505.0,
    "minResTime" : 344.0,
    "maxResTime" : 1391.0,
    "pct1ResTime" : 635.0,
    "pct2ResTime" : 682.0,
    "pct3ResTime" : 837.6200000000008,
    "throughput" : 94.0278699402787,
    "receivedKBytesPerSec" : 1944.3751425638686,
    "sentKBytesPerSec" : 10.835242825149303
  },
  "HTTP Request" : {
    "transaction" : "HTTP Request",
    "sampleCount" : 5668,
    "errorCount" : 0,
    "errorPct" : 0.0,
    "meanResTime" : 526.9043754410712,
    "medianResTime" : 505.0,
    "minResTime" : 344.0,
    "maxResTime" : 1391.0,
    "pct1ResTime" : 635.0,
    "pct2ResTime" : 682.0,
    "pct3ResTime" : 837.6200000000008,
    "throughput" : 94.0278699402787,
    "receivedKBytesPerSec" : 1944.3751425638686,
    "sentKBytesPerSec" : 10.835242825149303
  }
}