{
  "Total" : {
    "transaction" : "Total",
    "sampleCount" : 2034,
    "errorCount" : 0,
    "errorPct" : 0.0,
    "meanResTime" : 1467.8775811209432,
    "medianResTime" : 1403.5,
    "minResTime" : 478.0,
    "maxResTime" : 2894.0,
    "pct1ResTime" : 2069.5,
    "pct2ResTime" : 2228.75,
    "pct3ResTime" : 2440.9500000000003,
    "throughput" : 33.71289344140023,
    "receivedKBytesPerSec" : 702.5385089316792,
    "sentKBytesPerSec" : 3.8848842051613546
  },
  "HTTP Request" : {
    "transaction" : "HTTP Request",
    "sampleCount" : 2034,
    "errorCount" : 0,
    "errorPct" : 0.0,
    "meanResTime" : 1467.8775811209432,
    "medianResTime" : 1403.5,
    "minResTime" : 478.0,
    "maxResTime" : 2894.0,
    "pct1ResTime" : 2069.5,
    "pct2ResTime" : 2228.75,
    "pct3ResTime" : 2440.9500000000003,
    "throughput" : 33.71289344140023,
    "receivedKBytesPerSec" : 702.5385089316792,
    "sentKBytesPerSec" : 3.8848842051613546
  }
}