{
  "Total" : {
    "transaction" : "Total",
    "sampleCount" : 3521,
    "errorCount" : 0,
    "errorPct" : 0.0,
    "meanResTime" : 850.9133768815694,
    "medianResTime" : 828.0,
    "minResTime" : 387.0,
    "maxResTime" : 4284.0,
    "pct1ResTime" : 945.8000000000002,
    "pct2ResTime" : 995.8999999999996,
    "pct3ResTime" : 1807.6799999999985,
    "throughput" : 58.24841185812599,
    "receivedKBytesPerSec" : 1213.8309185942876,
    "sentKBytesPerSec" : 6.712219335213738
  },
  "HTTP Request" : {
    "transaction" : "HTTP Request",
    "sampleCount" : 3521,
    "errorCount" : 0,
    "errorPct" : 0.0,
    "meanResTime" : 850.9133768815694,
    "medianResTime" : 828.0,
    "minResTime" : 387.0,
    "maxResTime" : 4284.0,
    "pct1ResTime" : 945.8000000000002,
    "pct2ResTime" : 995.8999999999996,
    "pct3ResTime" : 1807.6799999999985,
    "throughput" : 58.24841185812599,
    "receivedKBytesPerSec" : 1213.8309185942876,
    "sentKBytesPerSec" : 6.712219335213738
  }
}