{
  "Total" : {
    "transaction" : "Total",
    "sampleCount" : 3327,
    "errorCount" : 0,
    "errorPct" : 0.0,
    "meanResTime" : 897.9038172527812,
    "medianResTime" : 880.0,
    "minResTime" : 464.0,
    "maxResTime" : 2124.0,
    "pct1ResTime" : 1044.0,
    "pct2ResTime" : 1099.6,
    "pct3ResTime" : 1273.0399999999986,
    "throughput" : 55.15034976626993,
    "receivedKBytesPerSec" : 1149.2708141234707,
    "sentKBytesPerSec" : 6.355216086347512
  },
  "HTTP Request" : {
    "transaction" : "HTTP Request",
    "sampleCount" : 3327,
    "errorCount" : 0,
    "errorPct" : 0.0,
    "meanResTime" : 897.9038172527812,
    "medianResTime" : 880.0,
    "minResTime" : 464.0,
    "maxResTime" : 2124.0,
    "pct1ResTime" : 1044.0,
    "pct2ResTime" : 1099.6,
    "pct3ResTime" : 1273.0399999999986,
    "throughput" : 55.15034976626993,
    "receivedKBytesPerSec" : 1149.2708141234707,
    "sentKBytesPerSec" : 6.355216086347512
  }
}