{
  "Total" : {
    "transaction" : "Total",
    "sampleCount" : 5649,
    "errorCount" : 0,
    "errorPct" : 0.0,
    "meanResTime" : 528.1334749513192,
    "medianResTime" : 512.0,
    "minResTime" : 252.0,
    "maxResTime" : 1716.0,
    "pct1ResTime" : 611.0,
    "pct2ResTime" : 649.0,
    "pct3ResTime" : 851.5,
    "throughput" : 93.88555568482109,
    "receivedKBytesPerSec" : 1941.4322672129751,
    "sentKBytesPerSec" : 10.818843330868056
  },
  "HTTP Request" : {
    "transaction" : "HTTP Request",
    "sampleCount" : 5649,
    "errorCount" : 0,
    "errorPct" : 0.0,
    "meanResTime" : 528.1334749513192,
    "medianResTime" : 512.0,
    "minResTime" : 252.0,
    "maxResTime" : 1716.0,
    "pct1ResTime" : 611.0,
    "pct2ResTime" : 649.0,
    "pct3ResTime" : 851.5,
    "throughput" : 93.88555568482109,
    "receivedKBytesPerSec" : 1941.4322672129751,
    "sentKBytesPerSec" : 10.818843330868056
  }
}