{
  "Total" : {
    "transaction" : "Total",
    "sampleCount" : 1131,
    "errorCount" : 0,
    "errorPct" : 0.0,
    "meanResTime" : 2645.6719717064525,
    "medianResTime" : 1514.0,
    "minResTime" : 588.0,
    "maxResTime" : 27113.0,
    "pct1ResTime" : 2479.8,
    "pct2ResTime" : 3840.7999999999965,
    "pct3ResTime" : 26974.960000000003,
    "throughput" : 18.66829525947445,
    "receivedKBytesPerSec" : 389.02612552922386,
    "sentKBytesPerSec" : 2.1512293365410007
  },
  "HTTP Request" : {
    "transaction" : "HTTP Request",
    "sampleCount" : 1131,
    "errorCount" : 0,
    "errorPct" : 0.0,
    "meanResTime" : 2645.6719717064525,
    "medianResTime" : 1514.0,
    "minResTime" : 588.0,
    "maxResTime" : 27113.0,
    "pct1ResTime" : 2479.8,
    "pct2ResTime" : 3840.7999999999965,
    "pct3ResTime" : 26974.960000000003,
    "throughput" : 18.66829525947445,
    "receivedKBytesPerSec" : 389.02612552922386,
    "sentKBytesPerSec" : 2.1512293365410007
  }
}