{
  "Total" : {
    "transaction" : "Total",
    "sampleCount" : 4493,
    "errorCount" : 0,
    "errorPct" : 0.0,
    "meanResTime" : 665.2394836412195,
    "medianResTime" : 650.0,
    "minResTime" : 257.0,
    "maxResTime" : 1423.0,
    "pct1ResTime" : 866.5999999999999,
    "pct2ResTime" : 940.0,
    "pct3ResTime" : 1089.0600000000004,
    "throughput" : 74.41575434354142,
    "receivedKBytesPerSec" : 1538.6765299959006,
    "sentKBytesPerSec" : 8.575252941931529
  },
  "HTTP Request" : {
    "transaction" : "HTTP Request",
    "sampleCount" : 4493,
    "errorCount" : 0,
    "errorPct" : 0.0,
    "meanResTime" : 665.2394836412195,
    "medianResTime" : 650.0,
    "minResTime" : 257.0,
    "maxResTime" : 1423.0,
    "pct1ResTime" : 866.5999999999999,
    "pct2ResTime" : 940.0,
    "pct3ResTime" : 1089.0600000000004,
    "throughput" : 74.41575434354142,
    "receivedKBytesPerSec" : 1538.6765299959006,
    "sentKBytesPerSec" : 8.575252941931529
  }
}