{
  "Total" : {
    "transaction" : "Total",
    "sampleCount" : 1859,
    "errorCount" : 0,
    "errorPct" : 0.0,
    "meanResTime" : 1622.4281871974158,
    "medianResTime" : 1601.0,
    "minResTime" : 573.0,
    "maxResTime" : 3112.0,
    "pct1ResTime" : 2150.0,
    "pct2ResTime" : 2324.0,
    "pct3ResTime" : 2680.8000000000015,
    "throughput" : 30.4839053506715,
    "receivedKBytesPerSec" : 635.250054958964,
    "sentKBytesPerSec" : 3.5127937806437863
  },
  "HTTP Request" : {
    "transaction" : "HTTP Request",
    "sampleCount" : 1859,
    "errorCount" : 0,
    "errorPct" : 0.0,
    "meanResTime" : 1622.4281871974158,
    "medianResTime" : 1601.0,
    "minResTime" : 573.0,
    "maxResTime" : 3112.0,
    "pct1ResTime" : 2150.0,
    "pct2ResTime" : 2324.0,
    "pct3ResTime" : 2680.8000000000015,
    "throughput" : 30.4839053506715,
    "receivedKBytesPerSec" : 635.250054958964,
    "sentKBytesPerSec" : 3.5127937806437863
  }
}