{
  "Total" : {
    "transaction" : "Total",
    "sampleCount" : 5731,
    "errorCount" : 0,
    "errorPct" : 0.0,
    "meanResTime" : 520.9881347059857,
    "medianResTime" : 507.0,
    "minResTime" : 323.0,
    "maxResTime" : 2049.0,
    "pct1ResTime" : 597.0,
    "pct2ResTime" : 642.0,
    "pct3ResTime" : 834.0400000000009,
    "throughput" : 95.13770148906855,
    "receivedKBytesPerSec" : 1967.3250283506118,
    "sentKBytesPerSec" : 10.963133570029383
  },
  "HTTP Request" : {
    "transaction" : "HTTP Request",
    "sampleCount" : 5731,
    "errorCount" : 0,
    "errorPct" : 0.0,
    "meanResTime" : 520.9881347059857,
    "medianResTime" : 507.0,
    "minResTime" : 323.0,
    "maxResTime" : 2049.0,
    "pct1ResTime" : 597.0,
    "pct2ResTime" : 642.0,
    "pct3ResTime" : 834.0400000000009,
    "throughput" : 95.13770148906855,
    "receivedKBytesPerSec" : 1967.3250283506118,
    "sentKBytesPerSec" : 10.963133570029383
  }
}