{
  "Total" : {
    "transaction" : "Total",
    "sampleCount" : 1742,
    "errorCount" : 0,
    "errorPct" : 0.0,
    "meanResTime" : 1718.563719862227,
    "medianResTime" : 1725.5,
    "minResTime" : 540.0,
    "maxResTime" : 3330.0,
    "pct1ResTime" : 2192.0,
    "pct2ResTime" : 2396.85,
    "pct3ResTime" : 2800.5699999999997,
    "throughput" : 28.798624543305394,
    "receivedKBytesPerSec" : 600.130712040619,
    "sentKBytesPerSec" : 3.3185915001074577
  },
  "HTTP Request" : {
    "transaction" : "HTTP Request",
    "sampleCount" : 1742,
    "errorCount" : 0,
    "errorPct" : 0.0,
    "meanResTime" : 1718.563719862227,
    "medianResTime" : 1725.5,
    "minResTime" : 540.0,
    "maxResTime" : 3330.0,
    "pct1ResTime" : 2192.0,
    "pct2ResTime" : 2396.85,
    "pct3ResTime" : 2800.5699999999997,
    "throughput" : 28.798624543305394,
    "receivedKBytesPerSec" : 600.130712040619,
    "sentKBytesPerSec" : 3.3185915001074577
  }
}